{
  "immediate_restore": {
    "description": "Immediate restore from latest good checkpoint",
    "steps": [
      "Validate corruption",
      "Identify latest good checkpoint",
      "Restore from checkpoint backup",
      "Verify restoration success",
      "Update integrity database"
    ],
    "auto_execute": true
  },
  "graduated_recovery": {
    "description": "Try multiple recovery strategies",
    "steps": [
      "Attempt in-place repair",
      "If failed, restore from latest checkpoint",
      "If failed, restore from earlier checkpoint",
      "If failed, reconstruct from schematic",
      "Update integrity database"
    ],
    "auto_execute": false
  },
  "emergency_reconstruction": {
    "description": "Full reconstruction from schematic and previous optimizations",
    "steps": [
      "Load schematic data",
      "Apply placement optimization strategy",
      "Apply routing optimization strategy",
      "Validate against design rules",
      "Create new integrity baseline"
    ],
    "auto_execute": false
  }
}