{
  "metadata": {
    "project_path": "CADfiles\\MasterOfMuppets",
    "version": "1.2.0",
    "parser": "kicad_parser_simple.py"
  },
  "schematics": {
    "amp_module.kicad_sch": {
      "file_path": "CADfiles\\MasterOfMuppets\\amp_module.kicad_sch",
      "components": [],
      "sheets": []
    },
    "dac_module.kicad_sch": {
      "file_path": "CADfiles\\MasterOfMuppets\\dac_module.kicad_sch",
      "components": [],
      "sheets": []
    },
    "jack_sheet.kicad_sch": {
      "file_path": "CADfiles\\MasterOfMuppets\\jack_sheet.kicad_sch",
      "components": [],
      "sheets": []
    },
    "MasterOfMuppets.kicad_sch": {
      "file_path": "CADfiles\\MasterOfMuppets\\MasterOfMuppets.kicad_sch",
      "components": [],
      "sheets": []
    },
    "teensy_module.kicad_sch": {
      "file_path": "CADfiles\\MasterOfMuppets\\teensy_module.kicad_sch",
      "components": [],
      "sheets": []
    },
    "unripple_module.kicad_sch": {
      "file_path": "CADfiles\\MasterOfMuppets\\unripple_module.kicad_sch",
      "components": [],
      "sheets": []
    }
  },
  "flattened_components": [],
  "summary": {
    "total_components": 0,
    "component_types": {},
    "sheet_instances": {}
  }
}